seed,n_dealers,risk_factor,reluctance,volume_share,mean_faced_spread,max_dealer_net,mean_dealer_net
0,1,0.0,0.0,1.0,0.040000000000000036,2.0,2.0
1,1,0.0,0.0,0.75,0.040000000000000036,5.0,5.0
2,1,0.0,0.0,1.0,0.040000000000000036,2.0,2.0
3,1,0.0,0.0,1.0,0.040000000000000036,6.0,6.0
4,1,0.0,0.0,1.0,0.040000000000000036,4.0,4.0
5,1,0.0,0.0,1.0,0.040000000000000036,4.0,4.0
6,1,0.0,0.0,1.0,0.040000000000000036,2.0,2.0
7,1,0.0,0.0,1.0,0.040000000000000036,4.0,4.0
8,1,0.0,0.0,0.8333333333333334,0.040000000000000036,4.0,4.0
9,1,0.0,0.0,1.0,0.040000000000000036,4.0,4.0
10,1,0.0,0.0,1.0,0.040000000000000036,2.0,2.0
11,1,0.0,0.0,1.0,0.040000000000000036,4.0,4.0
12,1,0.0,0.0,1.0,0.040000000000000036,2.0,2.0
13,1,0.0,0.0,1.0,0.040000000000000036,2.0,2.0
14,1,0.0,0.0,1.0,0.040000000000000036,0.0,0.0
15,1,0.0,0.0,1.0,0.040000000000000036,0.0,0.0
16,1,0.0,0.0,1.0,0.040000000000000036,2.0,2.0
17,1,0.0,0.0,0.8333333333333334,0.040000000000000036,4.0,4.0
18,1,0.0,0.0,0.8333333333333334,0.040000000000000036,4.0,4.0
19,1,0.0,0.0,1.0,0.040000000000000036,0.0,0.0
20,1,0.0,0.0,1.0,0.040000000000000036,6.0,6.0
21,1,0.0,0.0,1.0,0.040000000000000036,4.0,4.0
22,1,0.0,0.0,1.0,0.040000000000000036,0.0,0.0
23,1,0.0,0.0,1.0,0.040000000000000036,2.0,2.0
24,1,0.0,0.0,1.0,0.040000000000000036,0.0,0.0
25,1,0.0,0.0,1.0,0.040000000000000036,0.0,0.0
26,1,0.0,0.0,1.0,0.040000000000000036,4.0,4.0
27,1,0.0,0.0,0.9166666666666666,0.040000000000000036,3.0,3.0
28,1,0.0,0.0,1.0,0.040000000000000036,4.0,4.0
29,1,0.0,0.0,1.0,0.040000000000000036,6.0,6.0
30,1,0.0,0.0,1.0,0.040000000000000036,6.0,6.0
31,1,0.0,0.0,1.0,0.040000000000000036,0.0,0.0
32,1,0.0,0.0,1.0,0.040000000000000036,0.0,0.0
33,1,0.0,0.0,1.0,0.040000000000000036,6.0,6.0
34,1,0.0,0.0,1.0,0.040000000000000036,2.0,2.0
35,1,0.0,0.0,1.0,0.040000000000000036,2.0,2.0
36,1,0.0,0.0,0.9166666666666666,0.040000000000000036,3.0,3.0
37,1,0.0,0.0,1.0,0.040000000000000036,0.0,0.0
38,1,0.0,0.0,1.0,0.040000000000000036,0.0,0.0
39,1,0.0,0.0,1.0,0.040000000000000036,0.0,0.0
40,1,0.0,0.0,1.0,0.040000000000000036,6.0,6.0
41,1,0.0,0.0,1.0,0.040000000000000036,2.0,2.0
42,1,0.0,0.0,0.9166666666666666,0.040000000000000036,3.0,3.0
43,1,0.0,0.0,1.0,0.040000000000000036,0.0,0.0
44,1,0.0,0.0,1.0,0.040000000000000036,0.0,0.0
45,1,0.0,0.0,1.0,0.040000000000000036,6.0,6.0
46,1,0.0,0.0,1.0,0.040000000000000036,0.0,0.0
47,1,0.0,0.0,1.0,0.040000000000000036,0.0,0.0
48,1,0.0,0.0,1.0,0.040000000000000036,2.0,2.0
49,1,0.0,0.0,1.0,0.040000000000000036,2.0,2.0
0,1,0.05,0.0,0.9166666666666666,0.08583333333333337,3.0,3.0
1,1,0.05,0.0,0.75,0.13090909090909092,5.0,5.0
2,1,0.05,0.0,0.8333333333333334,0.08583333333333337,2.0,2.0
3,1,0.05,0.0,0.9166666666666666,0.11500000000000005,5.0,5.0
4,1,0.05,0.0,0.75,0.09833333333333336,3.0,3.0
5,1,0.05,0.0,0.9166666666666666,0.10250000000000002,5.0,5.0
6,1,0.05,0.0,0.9166666666666666,0.08583333333333337,3.0,3.0
7,1,0.05,0.0,0.9166666666666666,0.09000000000000004,3.0,3.0
8,1,0.05,0.0,0.8333333333333334,0.08500000000000002,4.0,4.0
9,1,0.05,0.0,0.9166666666666666,0.09000000000000004,3.0,3.0
10,1,0.05,0.0,0.9166666666666666,0.08583333333333337,3.0,3.0
11,1,0.05,0.0,0.75,0.09833333333333336,3.0,3.0
12,1,0.05,0.0,0.8333333333333334,0.08583333333333337,2.0,2.0
13,1,0.05,0.0,0.8333333333333334,0.08583333333333337,2.0,2.0
14,1,0.05,0.0,0.9166666666666666,0.08166666666666669,1.0,1.0
15,1,0.05,0.0,1.0,0.08166666666666669,0.0,0.0
16,1,0.05,0.0,0.9166666666666666,0.08583333333333337,3.0,3.0
17,1,0.05,0.0,0.8333333333333334,0.08500000000000002,4.0,4.0
18,1,0.05,0.0,0.8333333333333334,0.08500000000000002,4.0,4.0
19,1,0.05,0.0,1.0,0.08166666666666669,0.0,0.0
20,1,0.05,0.0,0.8333333333333334,0.11083333333333335,4.0,4.0
21,1,0.05,0.0,1.0,0.09000000000000004,4.0,4.0
22,1,0.05,0.0,1.0,0.08166666666666669,0.0,0.0
23,1,0.05,0.0,1.0,0.07333333333333335,2.0,2.0
24,1,0.05,0.0,1.0,0.08166666666666669,0.0,0.0
25,1,0.05,0.0,1.0,0.08166666666666669,0.0,0.0
26,1,0.05,0.0,1.0,0.09000000000000004,4.0,4.0
27,1,0.05,0.0,0.9166666666666666,0.07181818181818184,3.0,3.0
28,1,0.05,0.0,0.9166666666666666,0.09000000000000004,3.0,3.0
29,1,0.05,0.0,0.75,0.1358333333333334,5.0,5.0
30,1,0.05,0.0,0.9166666666666666,0.11500000000000005,5.0,5.0
31,1,0.05,0.0,0.8333333333333334,0.08583333333333336,2.0,2.0
32,1,0.05,0.0,0.9166666666666666,0.08166666666666669,1.0,1.0
33,1,0.05,0.0,0.8333333333333334,0.11083333333333335,4.0,4.0
34,1,0.05,0.0,1.0,0.07333333333333335,2.0,2.0
35,1,0.05,0.0,0.9166666666666666,0.08583333333333337,3.0,3.0
36,1,0.05,0.0,0.8333333333333334,0.07750000000000001,2.0,2.0
37,1,0.05,0.0,1.0,0.08166666666666669,0.0,0.0
38,1,0.05,0.0,0.8333333333333334,0.08583333333333336,2.0,2.0
39,1,0.05,0.0,1.0,0.08166666666666669,0.0,0.0
40,1,0.05,0.0,0.9166666666666666,0.11500000000000005,5.0,5.0
41,1,0.05,0.0,0.8333333333333334,0.08583333333333337,2.0,2.0
42,1,0.05,0.0,0.9166666666666666,0.07181818181818184,3.0,3.0
43,1,0.05,0.0,0.8333333333333334,0.08583333333333336,2.0,2.0
44,1,0.05,0.0,1.0,0.08166666666666669,0.0,0.0
45,1,0.05,0.0,0.8333333333333334,0.11083333333333335,4.0,4.0
46,1,0.05,0.0,0.9166666666666666,0.08166666666666669,1.0,1.0
47,1,0.05,0.0,0.75,0.09000000000000004,3.0,3.0
48,1,0.05,0.0,0.9166666666666666,0.0816666666666667,1.0,1.0
49,1,0.05,0.0,1.0,0.06500000000000002,2.0,2.0
0,1,0.1,0.0,0.5833333333333334,0.1566666666666667,3.0,3.0
1,1,0.1,0.0,0.5833333333333334,0.20666666666666672,3.0,3.0
2,1,0.1,0.0,0.8333333333333334,0.1316666666666667,2.0,2.0
3,1,0.1,0.0,0.75,0.16500000000000006,3.0,3.0
4,1,0.1,0.0,0.5,0.14833333333333337,2.0,2.0
5,1,0.1,0.0,0.75,0.1566666666666667,3.0,3.0
6,1,0.1,0.0,0.75,0.14833333333333337,3.0,3.0
7,1,0.1,0.0,0.8333333333333334,0.1316666666666667,2.0,2.0
8,1,0.1,0.0,0.75,0.16500000000000004,3.0,3.0
9,1,0.1,0.0,0.8333333333333334,0.1316666666666667,2.0,2.0
10,1,0.1,0.0,0.75,0.14833333333333337,3.0,3.0
11,1,0.1,0.0,0.6666666666666666,0.14000000000000004,2.0,2.0
12,1,0.1,0.0,0.6666666666666666,0.14000000000000004,2.0,2.0
13,1,0.1,0.0,0.75,0.14833333333333337,3.0,3.0
14,1,0.1,0.0,0.9166666666666666,0.1066666666666667,1.0,1.0
15,1,0.1,0.0,0.8333333333333334,0.1316666666666667,2.0,2.0
16,1,0.1,0.0,0.75,0.14833333333333337,3.0,3.0
17,1,0.1,0.0,0.75,0.16500000000000004,3.0,3.0
18,1,0.1,0.0,0.75,0.16500000000000004,3.0,3.0
19,1,0.1,0.0,1.0,0.12333333333333338,0.0,0.0
20,1,0.1,0.0,0.75,0.16500000000000006,3.0,3.0
21,1,0.1,0.0,0.75,0.1566666666666667,3.0,3.0
22,1,0.1,0.0,0.9166666666666666,0.12333333333333338,1.0,1.0
23,1,0.1,0.0,0.9166666666666666,0.1066666666666667,1.0,1.0
24,1,0.1,0.0,0.6666666666666666,0.14000000000000004,2.0,2.0
25,1,0.1,0.0,1.0,0.12333333333333338,0.0,0.0
26,1,0.1,0.0,0.9166666666666666,0.14000000000000004,3.0,3.0
27,1,0.1,0.0,0.9166666666666666,0.10363636363636367,3.0,3.0
28,1,0.1,0.0,0.75,0.1566666666666667,3.0,3.0
29,1,0.1,0.0,0.5833333333333334,0.19000000000000006,3.0,3.0
30,1,0.1,0.0,0.6666666666666666,0.21500000000000002,4.0,4.0
31,1,0.1,0.0,0.8333333333333334,0.1316666666666667,2.0,2.0
32,1,0.1,0.0,0.6666666666666666,0.14000000000000004,2.0,2.0
33,1,0.1,0.0,0.75,0.16500000000000006,3.0,3.0
34,1,0.1,0.0,0.6666666666666666,0.14000000000000004,2.0,2.0
35,1,0.1,0.0,0.75,0.14833333333333337,3.0,3.0
36,1,0.1,0.0,0.75,0.09833333333333337,1.0,1.0
37,1,0.1,0.0,1.0,0.1066666666666667,0.0,0.0
38,1,0.1,0.0,0.75,0.11500000000000005,1.0,1.0
39,1,0.1,0.0,0.9166666666666666,0.1066666666666667,1.0,1.0
40,1,0.1,0.0,0.75,0.16500000000000006,3.0,3.0
41,1,0.1,0.0,0.8333333333333334,0.1316666666666667,2.0,2.0
42,1,0.1,0.0,0.8333333333333334,0.11500000000000003,2.0,2.0
43,1,0.1,0.0,0.75,0.11500000000000005,1.0,1.0
44,1,0.1,0.0,1.0,0.12333333333333338,0.0,0.0
45,1,0.1,0.0,0.75,0.16500000000000006,3.0,3.0
46,1,0.1,0.0,0.9166666666666666,0.1066666666666667,1.0,1.0
47,1,0.1,0.0,0.6666666666666666,0.14000000000000004,2.0,2.0
48,1,0.1,0.0,0.75,0.11500000000000006,1.0,1.0
49,1,0.1,0.0,1.0,0.09000000000000004,2.0,2.0
0,1,0.2,0.0,0.3333333333333333,0.2733333333333333,2.0,2.0
1,1,0.2,0.0,0.16666666666666666,0.35666666666666663,2.0,2.0
2,1,0.2,0.0,0.6666666666666666,0.24,2.0,2.0
3,1,0.2,0.0,0.5,0.2733333333333333,2.0,2.0
4,1,0.2,0.0,0.4166666666666667,0.19,1.0,1.0
5,1,0.2,0.0,0.6666666666666666,0.24,2.0,2.0
6,1,0.2,0.0,0.6666666666666666,0.24,2.0,2.0
7,1,0.2,0.0,0.5,0.25666666666666665,2.0,2.0
8,1,0.2,0.0,0.6666666666666666,0.24,2.0,2.0
9,1,0.2,0.0,0.5833333333333334,0.17333333333333334,1.0,1.0
10,1,0.2,0.0,0.5,0.24,2.0,2.0
11,1,0.2,0.0,0.25,0.20666666666666667,1.0,1.0
12,1,0.2,0.0,0.6666666666666666,0.24,2.0,2.0
13,1,0.2,0.0,0.5,0.24,2.0,2.0
14,1,0.2,0.0,0.5833333333333334,0.17333333333333334,1.0,1.0
15,1,0.2,0.0,0.6666666666666666,0.24,2.0,2.0
16,1,0.2,0.0,0.6666666666666666,0.24,2.0,2.0
17,1,0.2,0.0,0.5833333333333334,0.17333333333333334,1.0,1.0
18,1,0.2,0.0,0.6666666666666666,0.24,2.0,2.0
19,1,0.2,0.0,0.6666666666666666,0.24,2.0,2.0
20,1,0.2,0.0,0.5,0.2733333333333333,2.0,2.0
21,1,0.2,0.0,0.5,0.25666666666666665,2.0,2.0
22,1,0.2,0.0,0.6666666666666666,0.24,2.0,2.0
23,1,0.2,0.0,0.6666666666666666,0.24,2.0,2.0
24,1,0.2,0.0,0.3333333333333333,0.25666666666666665,2.0,2.0
25,1,0.2,0.0,0.6666666666666666,0.24,2.0,2.0
26,1,0.2,0.0,0.6666666666666666,0.24,2.0,2.0
27,1,0.2,0.0,0.5833333333333334,0.17333333333333334,1.0,1.0
28,1,0.2,0.0,0.5,0.25666666666666665,2.0,2.0
29,1,0.2,0.0,0.3333333333333333,0.30666666666666664,2.0,2.0
30,1,0.2,0.0,0.5,0.2733333333333333,2.0,2.0
31,1,0.2,0.0,0.6666666666666666,0.24,2.0,2.0
32,1,0.2,0.0,0.25,0.20666666666666667,1.0,1.0
33,1,0.2,0.0,0.3333333333333333,0.30666666666666664,2.0,2.0
34,1,0.2,0.0,0.4166666666666667,0.19,1.0,1.0
35,1,0.2,0.0,0.3333333333333333,0.2733333333333333,2.0,2.0
36,1,0.2,0.0,0.5833333333333334,0.17333333333333334,1.0,1.0
37,1,0.2,0.0,0.75,0.15666666666666668,1.0,1.0
38,1,0.2,0.0,0.6666666666666666,0.24,2.0,2.0
39,1,0.2,0.0,0.6666666666666666,0.24,2.0,2.0
40,1,0.2,0.0,0.6666666666666666,0.24,2.0,2.0
41,1,0.2,0.0,0.75,0.15666666666666668,1.0,1.0
42,1,0.2,0.0,0.5833333333333334,0.17333333333333334,1.0,1.0
43,1,0.2,0.0,0.6666666666666666,0.24,2.0,2.0
44,1,0.2,0.0,0.6666666666666666,0.24,2.0,2.0
45,1,0.2,0.0,0.6666666666666666,0.24,2.0,2.0
46,1,0.2,0.0,0.5,0.22333333333333333,2.0,2.0
47,1,0.2,0.0,0.5833333333333334,0.17333333333333334,1.0,1.0
48,1,0.2,0.0,0.6666666666666666,0.24,2.0,2.0
49,1,0.2,0.0,0.75,0.15666666666666668,1.0,1.0
0,2,0.0,0.0,1.0,0.040000000000000036,1.0,1.0
1,2,0.0,0.0,1.0,0.040000000000000036,4.0,4.0
2,2,0.0,0.0,1.0,0.040000000000000036,1.0,1.0
3,2,0.0,0.0,1.0,0.040000000000000036,3.0,3.0
4,2,0.0,0.0,1.0,0.040000000000000036,2.0,2.0
5,2,0.0,0.0,1.0,0.040000000000000036,2.0,2.0
6,2,0.0,0.0,1.0,0.040000000000000036,1.0,1.0
7,2,0.0,0.0,1.0,0.040000000000000036,2.0,2.0
8,2,0.0,0.0,1.0,0.040000000000000036,3.0,3.0
9,2,0.0,0.0,1.0,0.040000000000000036,2.0,2.0
10,2,0.0,0.0,1.0,0.040000000000000036,1.0,1.0
11,2,0.0,0.0,1.0,0.040000000000000036,2.0,2.0
12,2,0.0,0.0,1.0,0.040000000000000036,1.0,1.0
13,2,0.0,0.0,1.0,0.040000000000000036,1.0,1.0
14,2,0.0,0.0,1.0,0.040000000000000036,0.0,0.0
15,2,0.0,0.0,1.0,0.040000000000000036,0.0,0.0
16,2,0.0,0.0,1.0,0.040000000000000036,1.0,1.0
17,2,0.0,0.0,1.0,0.040000000000000036,3.0,3.0
18,2,0.0,0.0,1.0,0.040000000000000036,3.0,3.0
19,2,0.0,0.0,1.0,0.040000000000000036,0.0,0.0
20,2,0.0,0.0,1.0,0.040000000000000036,3.0,3.0
21,2,0.0,0.0,1.0,0.040000000000000036,2.0,2.0
22,2,0.0,0.0,1.0,0.040000000000000036,0.0,0.0
23,2,0.0,0.0,1.0,0.040000000000000036,1.0,1.0
24,2,0.0,0.0,1.0,0.040000000000000036,0.0,0.0
25,2,0.0,0.0,1.0,0.040000000000000036,0.0,0.0
26,2,0.0,0.0,1.0,0.040000000000000036,2.0,2.0
27,2,0.0,0.0,1.0,0.040000000000000036,2.0,2.0
28,2,0.0,0.0,1.0,0.040000000000000036,2.0,2.0
29,2,0.0,0.0,1.0,0.040000000000000036,3.0,3.0
30,2,0.0,0.0,1.0,0.040000000000000036,3.0,3.0
31,2,0.0,0.0,1.0,0.040000000000000036,0.0,0.0
32,2,0.0,0.0,1.0,0.040000000000000036,0.0,0.0
33,2,0.0,0.0,1.0,0.040000000000000036,3.0,3.0
34,2,0.0,0.0,1.0,0.040000000000000036,1.0,1.0
35,2,0.0,0.0,1.0,0.040000000000000036,1.0,1.0
36,2,0.0,0.0,1.0,0.040000000000000036,2.0,2.0
37,2,0.0,0.0,1.0,0.040000000000000036,0.0,0.0
38,2,0.0,0.0,1.0,0.040000000000000036,0.0,0.0
39,2,0.0,0.0,1.0,0.040000000000000036,0.0,0.0
40,2,0.0,0.0,1.0,0.040000000000000036,3.0,3.0
41,2,0.0,0.0,1.0,0.040000000000000036,1.0,1.0
42,2,0.0,0.0,1.0,0.040000000000000036,2.0,2.0
43,2,0.0,0.0,1.0,0.040000000000000036,0.0,0.0
44,2,0.0,0.0,1.0,0.040000000000000036,0.0,0.0
45,2,0.0,0.0,1.0,0.040000000000000036,3.0,3.0
46,2,0.0,0.0,1.0,0.040000000000000036,0.0,0.0
47,2,0.0,0.0,1.0,0.040000000000000036,0.0,0.0
48,2,0.0,0.0,1.0,0.040000000000000036,1.0,1.0
49,2,0.0,0.0,1.0,0.040000000000000036,1.0,1.0
0,2,0.05,0.0,1.0,0.06083333333333336,1.0,1.0
1,2,0.05,0.0,0.8333333333333334,0.09833333333333337,3.0,3.0
2,2,0.05,0.0,1.0,0.06083333333333336,1.0,1.0
3,2,0.05,0.0,1.0,0.07750000000000005,3.0,3.0
4,2,0.05,0.0,0.8333333333333334,0.07333333333333338,2.0,2.0
5,2,0.05,0.0,0.9166666666666666,0.07333333333333338,3.0,2.5
6,2,0.05,0.0,1.0,0.06083333333333336,1.0,1.0
7,2,0.05,0.0,1.0,0.06500000000000004,2.0,2.0
8,2,0.05,0.0,0.8333333333333334,0.07750000000000003,2.0,2.0
9,2,0.05,0.0,1.0,0.06500000000000004,2.0,2.0
10,2,0.05,0.0,0.9166666666666666,0.06500000000000003,2.0,1.5
11,2,0.05,0.0,1.0,0.06500000000000004,2.0,2.0
12,2,0.05,0.0,0.9166666666666666,0.06500000000000003,2.0,1.5
13,2,0.05,0.0,0.9166666666666666,0.06500000000000003,2.0,1.5
14,2,0.05,0.0,1.0,0.06500000000000002,0.0,0.0
15,2,0.05,0.0,1.0,0.06500000000000002,0.0,0.0
16,2,0.05,0.0,0.9166666666666666,0.06500000000000003,2.0,1.5
17,2,0.05,0.0,1.0,0.07750000000000003,3.0,3.0
18,2,0.05,0.0,0.8333333333333334,0.07750000000000003,2.0,2.0
19,2,0.05,0.0,1.0,0.06500000000000002,0.0,0.0
20,2,0.05,0.0,0.9166666666666666,0.07750000000000005,3.0,2.5
21,2,0.05,0.0,1.0,0.06500000000000004,2.0,2.0
22,2,0.05,0.0,1.0,0.06500000000000002,0.0,0.0
23,2,0.05,0.0,1.0,0.06083333333333336,1.0,1.0
24,2,0.05,0.0,1.0,0.06500000000000002,0.0,0.0
25,2,0.05,0.0,1.0,0.06500000000000002,0.0,0.0
26,2,0.05,0.0,1.0,0.06500000000000004,2.0,2.0
27,2,0.05,0.0,1.0,0.06500000000000002,2.0,2.0
28,2,0.05,0.0,1.0,0.06500000000000004,2.0,2.0
29,2,0.05,0.0,0.8333333333333334,0.09000000000000005,3.0,3.0
30,2,0.05,0.0,1.0,0.07750000000000005,3.0,3.0
31,2,0.05,0.0,1.0,0.06083333333333336,1.0,1.0
32,2,0.05,0.0,1.0,0.06083333333333336,1.0,1.0
33,2,0.05,0.0,0.9166666666666666,0.07750000000000005,3.0,2.5
34,2,0.05,0.0,1.0,0.06083333333333336,1.0,1.0
35,2,0.05,0.0,0.9166666666666666,0.06500000000000003,2.0,1.5
36,2,0.05,0.0,0.9166666666666666,0.06500000000000002,2.0,1.5
37,2,0.05,0.0,1.0,0.06500000000000002,0.0,0.0
38,2,0.05,0.0,1.0,0.06083333333333336,1.0,1.0
39,2,0.05,0.0,1.0,0.06500000000000002,0.0,0.0
40,2,0.05,0.0,1.0,0.07750000000000005,3.0,3.0
41,2,0.05,0.0,1.0,0.06083333333333336,1.0,1.0
42,2,0.05,0.0,0.9166666666666666,0.06500000000000002,2.0,1.5
43,2,0.05,0.0,1.0,0.06083333333333336,1.0,1.0
44,2,0.05,0.0,1.0,0.06500000000000002,0.0,0.0
45,2,0.05,0.0,0.9166666666666666,0.07750000000000005,3.0,2.5
46,2,0.05,0.0,1.0,0.06083333333333336,1.0,1.0
47,2,0.05,0.0,1.0,0.06083333333333336,1.0,1.0
48,2,0.05,0.0,1.0,0.06083333333333336,1.0,1.0
49,2,0.05,0.0,1.0,0.06083333333333336,1.0,1.0
0,2,0.1,0.0,0.8333333333333334,0.0983333333333334,2.0,2.0
1,2,0.1,0.0,0.8333333333333334,0.1566666666666667,3.0,3.0
2,2,0.1,0.0,0.9166666666666666,0.09000000000000005,2.0,1.5
3,2,0.1,0.0,0.9166666666666666,0.11500000000000006,3.0,2.5
4,2,0.1,0.0,0.6666666666666666,0.12333333333333339,2.0,2.0
5,2,0.1,0.0,0.9166666666666666,0.10666666666666673,3.0,2.5
6,2,0.1,0.0,0.9166666666666666,0.09000000000000005,2.0,1.5
7,2,0.1,0.0,0.9166666666666666,0.09000000000000007,2.0,1.5
8,2,0.1,0.0,0.75,0.09833333333333337,2.0,1.5
9,2,0.1,0.0,1.0,0.09000000000000007,2.0,2.0
10,2,0.1,0.0,0.9166666666666666,0.09000000000000005,2.0,1.5
11,2,0.1,0.0,0.9166666666666666,0.09000000000000007,2.0,1.5
12,2,0.1,0.0,0.8333333333333334,0.09000000000000005,1.0,1.0
13,2,0.1,0.0,0.75,0.0983333333333334,2.0,1.5
14,2,0.1,0.0,1.0,0.09000000000000004,0.0,0.0
15,2,0.1,0.0,1.0,0.09000000000000004,0.0,0.0
16,2,0.1,0.0,0.9166666666666666,0.09000000000000005,2.0,1.5
17,2,0.1,0.0,0.8333333333333334,0.11500000000000003,2.0,2.0
18,2,0.1,0.0,0.8333333333333334,0.11500000000000003,2.0,2.0
19,2,0.1,0.0,1.0,0.09000000000000004,0.0,0.0
20,2,0.1,0.0,0.9166666666666666,0.11500000000000006,3.0,2.5
21,2,0.1,0.0,1.0,0.09000000000000007,2.0,2.0
22,2,0.1,0.0,1.0,0.0816666666666667,1.0,1.0
23,2,0.1,0.0,1.0,0.0816666666666667,1.0,1.0
24,2,0.1,0.0,1.0,0.09000000000000004,0.0,0.0
25,2,0.1,0.0,1.0,0.09000000000000004,0.0,0.0
26,2,0.1,0.0,1.0,0.09000000000000007,2.0,2.0
27,2,0.1,0.0,1.0,0.09000000000000004,2.0,2.0
28,2,0.1,0.0,0.9166666666666666,0.09000000000000007,2.0,1.5
29,2,0.1,0.0,0.75,0.1316666666666667,3.0,2.5
30,2,0.1,0.0,0.9166666666666666,0.11500000000000006,3.0,2.5
31,2,0.1,0.0,0.8333333333333334,0.09000000000000004,1.0,1.0
32,2,0.1,0.0,1.0,0.0816666666666667,1.0,1.0
33,2,0.1,0.0,0.9166666666666666,0.11500000000000006,3.0,2.5
34,2,0.1,0.0,1.0,0.0816666666666667,1.0,1.0
35,2,0.1,0.0,0.8333333333333334,0.0983333333333334,2.0,2.0
36,2,0.1,0.0,0.8333333333333334,0.09000000000000004,1.0,1.0
37,2,0.1,0.0,1.0,0.09000000000000004,0.0,0.0
38,2,0.1,0.0,0.8333333333333334,0.09000000000000004,1.0,1.0
39,2,0.1,0.0,1.0,0.09000000000000004,0.0,0.0
40,2,0.1,0.0,1.0,0.11500000000000006,3.0,3.0
41,2,0.1,0.0,0.8333333333333334,0.09000000000000005,1.0,1.0
42,2,0.1,0.0,0.9166666666666666,0.09000000000000004,2.0,1.5
43,2,0.1,0.0,1.0,0.0816666666666667,1.0,1.0
44,2,0.1,0.0,1.0,0.09000000000000004,0.0,0.0
45,2,0.1,0.0,0.8333333333333334,0.11500000000000006,2.0,2.0
46,2,0.1,0.0,1.0,0.0816666666666667,1.0,1.0
47,2,0.1,0.0,0.8333333333333334,0.09000000000000004,1.0,1.0
48,2,0.1,0.0,1.0,0.0816666666666667,1.0,1.0
49,2,0.1,0.0,1.0,0.0816666666666667,1.0,1.0
0,2,0.2,0.0,0.5,0.17333333333333334,1.0,1.0
1,2,0.2,0.0,0.3333333333333333,0.30666666666666664,2.0,2.0
2,2,0.2,0.0,0.9166666666666666,0.14,2.0,1.5
3,2,0.2,0.0,0.8333333333333334,0.19,2.0,2.0
4,2,0.2,0.0,0.3333333333333333,0.19,1.0,1.0
5,2,0.2,0.0,0.75,0.15666666666666668,2.0,1.5
6,2,0.2,0.0,0.75,0.15666666666666668,2.0,1.5
7,2,0.2,0.0,0.6666666666666666,0.15666666666666668,1.0,1.0
8,2,0.2,0.0,0.5833333333333334,0.17333333333333334,2.0,1.5
9,2,0.2,0.0,0.8333333333333334,0.14,1.0,1.0
10,2,0.2,0.0,0.75,0.15666666666666668,2.0,1.5
11,2,0.2,0.0,0.3333333333333333,0.19,1.0,1.0
12,2,0.2,0.0,0.6666666666666666,0.15666666666666668,1.0,1.0
13,2,0.2,0.0,0.75,0.15666666666666668,2.0,1.5
14,2,0.2,0.0,0.8333333333333334,0.14,1.0,1.0
15,2,0.2,0.0,0.8333333333333334,0.14,1.0,1.0
16,2,0.2,0.0,0.8333333333333334,0.14,1.0,1.0
17,2,0.2,0.0,0.5833333333333334,0.17333333333333334,2.0,1.5
18,2,0.2,0.0,0.75,0.15666666666666668,2.0,1.5
19,2,0.2,0.0,1.0,0.12333333333333335,1.0,1.0
20,2,0.2,0.0,0.6666666666666666,0.22333333333333333,2.0,2.0
21,2,0.2,0.0,0.8333333333333334,0.17333333333333334,2.0,2.0
22,2,0.2,0.0,1.0,0.12333333333333335,1.0,1.0
23,2,0.2,0.0,1.0,0.12333333333333335,1.0,1.0
24,2,0.2,0.0,0.5833333333333334,0.17333333333333334,2.0,1.5
25,2,0.2,0.0,1.0,0.12333333333333335,1.0,1.0
26,2,0.2,0.0,0.8333333333333334,0.17333333333333334,2.0,2.0
27,2,0.2,0.0,0.5,0.17333333333333334,1.0,1.0
28,2,0.2,0.0,0.8333333333333334,0.17333333333333334,2.0,2.0
29,2,0.2,0.0,0.6666666666666666,0.22333333333333333,2.0,2.0
30,2,0.2,0.0,0.8333333333333334,0.19,2.0,2.0
31,2,0.2,0.0,0.8333333333333334,0.14,1.0,1.0
32,2,0.2,0.0,0.3333333333333333,0.19,1.0,1.0
33,2,0.2,0.0,0.6666666666666666,0.22333333333333333,2.0,2.0
34,2,0.2,0.0,0.3333333333333333,0.19,1.0,1.0
35,2,0.2,0.0,0.6666666666666666,0.19,2.0,2.0
36,2,0.2,0.0,0.8333333333333334,0.14,1.0,1.0
37,2,0.2,0.0,0.5833333333333334,0.17333333333333334,2.0,1.5
38,2,0.2,0.0,0.8333333333333334,0.14,1.0,1.0
39,2,0.2,0.0,1.0,0.12333333333333335,1.0,1.0
40,2,0.2,0.0,0.8333333333333334,0.19,2.0,2.0
41,2,0.2,0.0,0.5833333333333334,0.17333333333333334,2.0,1.5
42,2,0.2,0.0,0.8333333333333334,0.14,1.0,1.0
43,2,0.2,0.0,1.0,0.12333333333333335,1.0,1.0
44,2,0.2,0.0,0.8333333333333334,0.14,1.0,1.0
45,2,0.2,0.0,0.6666666666666666,0.15666666666666668,1.0,1.0
46,2,0.2,0.0,0.6666666666666666,0.15666666666666668,1.0,1.0
47,2,0.2,0.0,0.8333333333333334,0.14,1.0,1.0
48,2,0.2,0.0,0.8333333333333334,0.14,1.0,1.0
49,2,0.2,0.0,0.8333333333333334,0.14,1.0,1.0
0,4,0.0,0.0,1.0,0.040000000000000036,1.0,0.5
1,4,0.0,0.0,1.0,0.040000000000000036,2.0,2.0
2,4,0.0,0.0,1.0,0.040000000000000036,1.0,0.5
3,4,0.0,0.0,1.0,0.040000000000000036,2.0,1.5
4,4,0.0,0.0,1.0,0.040000000000000036,1.0,1.0
5,4,0.0,0.0,1.0,0.040000000000000036,1.0,1.0
6,4,0.0,0.0,1.0,0.040000000000000036,1.0,0.5
7,4,0.0,0.0,1.0,0.040000000000000036,1.0,1.0
8,4,0.0,0.0,1.0,0.040000000000000036,2.0,1.5
9,4,0.0,0.0,1.0,0.040000000000000036,1.0,1.0
10,4,0.0,0.0,1.0,0.040000000000000036,1.0,0.5
11,4,0.0,0.0,1.0,0.040000000000000036,1.0,1.0
12,4,0.0,0.0,1.0,0.040000000000000036,1.0,0.5
13,4,0.0,0.0,1.0,0.040000000000000036,1.0,0.5
14,4,0.0,0.0,1.0,0.040000000000000036,0.0,0.0
15,4,0.0,0.0,1.0,0.040000000000000036,0.0,0.0
16,4,0.0,0.0,1.0,0.040000000000000036,1.0,0.5
17,4,0.0,0.0,1.0,0.040000000000000036,2.0,1.5
18,4,0.0,0.0,1.0,0.040000000000000036,2.0,1.5
19,4,0.0,0.0,1.0,0.040000000000000036,0.0,0.0
20,4,0.0,0.0,1.0,0.040000000000000036,2.0,1.5
21,4,0.0,0.0,1.0,0.040000000000000036,1.0,1.0
22,4,0.0,0.0,1.0,0.040000000000000036,0.0,0.0
23,4,0.0,0.0,1.0,0.040000000000000036,1.0,0.5
24,4,0.0,0.0,1.0,0.040000000000000036,0.0,0.0
25,4,0.0,0.0,1.0,0.040000000000000036,0.0,0.0
26,4,0.0,0.0,1.0,0.040000000000000036,1.0,1.0
27,4,0.0,0.0,1.0,0.040000000000000036,1.0,1.0
28,4,0.0,0.0,1.0,0.040000000000000036,1.0,1.0
29,4,0.0,0.0,1.0,0.040000000000000036,2.0,1.5
30,4,0.0,0.0,1.0,0.040000000000000036,2.0,1.5
31,4,0.0,0.0,1.0,0.040000000000000036,0.0,0.0
32,4,0.0,0.0,1.0,0.040000000000000036,0.0,0.0
33,4,0.0,0.0,1.0,0.040000000000000036,2.0,1.5
34,4,0.0,0.0,1.0,0.040000000000000036,1.0,0.5
35,4,0.0,0.0,1.0,0.040000000000000036,1.0,0.5
36,4,0.0,0.0,1.0,0.040000000000000036,1.0,1.0
37,4,0.0,0.0,1.0,0.040000000000000036,0.0,0.0
38,4,0.0,0.0,1.0,0.040000000000000036,0.0,0.0
39,4,0.0,0.0,1.0,0.040000000000000036,0.0,0.0
40,4,0.0,0.0,1.0,0.040000000000000036,2.0,1.5
41,4,0.0,0.0,1.0,0.040000000000000036,1.0,0.5
42,4,0.0,0.0,1.0,0.040000000000000036,1.0,1.0
43,4,0.0,0.0,1.0,0.040000000000000036,0.0,0.0
44,4,0.0,0.0,1.0,0.040000000000000036,0.0,0.0
45,4,0.0,0.0,1.0,0.040000000000000036,2.0,1.5
46,4,0.0,0.0,1.0,0.040000000000000036,0.0,0.0
47,4,0.0,0.0,1.0,0.040000000000000036,0.0,0.0
48,4,0.0,0.0,1.0,0.040000000000000036,1.0,0.5
49,4,0.0,0.0,1.0,0.040000000000000036,1.0,0.5
0,4,0.05,0.0,1.0,0.05666666666666672,1.0,1.0
1,4,0.05,0.0,0.9166666666666666,0.06500000000000002,2.0,1.75
2,4,0.05,0.0,1.0,0.05666666666666672,1.0,1.0
3,4,0.05,0.0,1.0,0.060833333333333385,2.0,1.5
4,4,0.05,0.0,1.0,0.05666666666666672,1.0,1.0
5,4,0.05,0.0,1.0,0.05666666666666672,1.0,1.0
6,4,0.05,0.0,1.0,0.05666666666666672,1.0,1.0
7,4,0.05,0.0,1.0,0.05666666666666672,1.0,1.0
8,4,0.05,0.0,1.0,0.06083333333333337,2.0,1.5
9,4,0.05,0.0,1.0,0.05666666666666672,1.0,1.0
10,4,0.05,0.0,1.0,0.05666666666666672,1.0,1.0
11,4,0.05,0.0,1.0,0.05666666666666672,1.0,1.0
12,4,0.05,0.0,1.0,0.05666666666666672,1.0,1.0
13,4,0.05,0.0,1.0,0.05666666666666672,1.0,1.0
14,4,0.05,0.0,1.0,0.05666666666666672,1.0,1.0
15,4,0.05,0.0,1.0,0.05666666666666672,1.0,1.0
16,4,0.05,0.0,1.0,0.05666666666666672,1.0,1.0
17,4,0.05,0.0,1.0,0.06083333333333337,2.0,1.5
18,4,0.05,0.0,0.9166666666666666,0.06083333333333337,2.0,1.25
19,4,0.05,0.0,1.0,0.05666666666666672,1.0,1.0
20,4,0.05,0.0,1.0,0.060833333333333385,2.0,1.5
21,4,0.05,0.0,1.0,0.05666666666666672,1.0,1.0
22,4,0.05,0.0,1.0,0.05666666666666672,1.0,1.0
23,4,0.05,0.0,1.0,0.05666666666666672,1.0,1.0
24,4,0.05,0.0,1.0,0.05666666666666672,1.0,1.0
25,4,0.05,0.0,1.0,0.05666666666666672,1.0,1.0
26,4,0.05,0.0,1.0,0.05666666666666672,1.0,1.0
27,4,0.05,0.0,1.0,0.05666666666666672,1.0,1.0
28,4,0.05,0.0,1.0,0.05666666666666672,1.0,1.0
29,4,0.05,0.0,1.0,0.060833333333333385,2.0,1.5
30,4,0.05,0.0,1.0,0.060833333333333385,2.0,1.5
31,4,0.05,0.0,1.0,0.05666666666666672,1.0,1.0
32,4,0.05,0.0,1.0,0.05666666666666672,1.0,1.0
33,4,0.05,0.0,1.0,0.060833333333333385,2.0,1.5
34,4,0.05,0.0,1.0,0.05666666666666672,1.0,1.0
35,4,0.05,0.0,1.0,0.05666666666666672,1.0,1.0
36,4,0.05,0.0,1.0,0.056666666666666705,1.0,1.0
37,4,0.05,0.0,1.0,0.05666666666666672,1.0,1.0
38,4,0.05,0.0,1.0,0.05666666666666672,1.0,1.0
39,4,0.05,0.0,1.0,0.05666666666666672,1.0,1.0
40,4,0.05,0.0,1.0,0.060833333333333385,2.0,1.5
41,4,0.05,0.0,1.0,0.05666666666666672,1.0,1.0
42,4,0.05,0.0,1.0,0.05666666666666672,1.0,1.0
43,4,0.05,0.0,1.0,0.05666666666666672,1.0,1.0
44,4,0.05,0.0,1.0,0.05666666666666672,1.0,1.0
45,4,0.05,0.0,1.0,0.060833333333333385,2.0,1.5
46,4,0.05,0.0,1.0,0.05666666666666672,1.0,1.0
47,4,0.05,0.0,1.0,0.05666666666666672,1.0,1.0
48,4,0.05,0.0,1.0,0.05666666666666672,1.0,1.0
49,4,0.05,0.0,1.0,0.06083333333333337,1.0,0.5
0,4,0.1,0.0,1.0,0.0733333333333334,1.0,1.0
1,4,0.1,0.0,0.8333333333333334,0.09000000000000004,2.0,1.5
2,4,0.1,0.0,1.0,0.0733333333333334,1.0,1.0
3,4,0.1,0.0,1.0,0.08166666666666673,2.0,1.5
4,4,0.1,0.0,1.0,0.0733333333333334,1.0,1.0
5,4,0.1,0.0,1.0,0.0733333333333334,1.0,1.0
6,4,0.1,0.0,1.0,0.0733333333333334,1.0,1.0
7,4,0.1,0.0,1.0,0.0733333333333334,1.0,1.0
8,4,0.1,0.0,0.75,0.09000000000000004,2.0,1.25
9,4,0.1,0.0,1.0,0.0733333333333334,1.0,1.0
10,4,0.1,0.0,1.0,0.0733333333333334,1.0,1.0
11,4,0.1,0.0,1.0,0.0733333333333334,1.0,1.0
12,4,0.1,0.0,0.8333333333333334,0.08166666666666673,1.0,1.0
13,4,0.1,0.0,1.0,0.0733333333333334,1.0,1.0
14,4,0.1,0.0,1.0,0.0733333333333334,1.0,1.0
15,4,0.1,0.0,1.0,0.0733333333333334,1.0,1.0
16,4,0.1,0.0,1.0,0.0733333333333334,1.0,1.0
17,4,0.1,0.0,1.0,0.08166666666666672,2.0,1.5
18,4,0.1,0.0,0.8333333333333334,0.08166666666666672,1.0,1.0
19,4,0.1,0.0,1.0,0.0733333333333334,1.0,1.0
20,4,0.1,0.0,0.9166666666666666,0.08166666666666673,2.0,1.25
21,4,0.1,0.0,1.0,0.0733333333333334,1.0,1.0
22,4,0.1,0.0,1.0,0.0733333333333334,1.0,1.0
23,4,0.1,0.0,1.0,0.0733333333333334,1.0,1.0
24,4,0.1,0.0,1.0,0.0733333333333334,1.0,1.0
25,4,0.1,0.0,1.0,0.0733333333333334,1.0,1.0
26,4,0.1,0.0,1.0,0.0733333333333334,1.0,1.0
27,4,0.1,0.0,1.0,0.09000000000000004,2.0,1.0
28,4,0.1,0.0,1.0,0.0733333333333334,1.0,1.0
29,4,0.1,0.0,1.0,0.08166666666666673,2.0,1.5
30,4,0.1,0.0,1.0,0.08166666666666673,2.0,1.5
31,4,0.1,0.0,1.0,0.0733333333333334,1.0,1.0
32,4,0.1,0.0,1.0,0.0733333333333334,1.0,1.0
33,4,0.1,0.0,1.0,0.08166666666666673,2.0,1.5
34,4,0.1,0.0,1.0,0.08166666666666672,1.0,0.5
35,4,0.1,0.0,1.0,0.0733333333333334,1.0,1.0
36,4,0.1,0.0,0.8333333333333334,0.08166666666666672,1.0,1.0
37,4,0.1,0.0,1.0,0.08166666666666672,1.0,0.5
38,4,0.1,0.0,1.0,0.07333333333333339,1.0,1.0
39,4,0.1,0.0,1.0,0.0733333333333334,1.0,1.0
40,4,0.1,0.0,1.0,0.08166666666666673,2.0,1.5
41,4,0.1,0.0,1.0,0.0733333333333334,1.0,1.0
42,4,0.1,0.0,1.0,0.0733333333333334,1.0,1.0
43,4,0.1,0.0,1.0,0.0733333333333334,1.0,1.0
44,4,0.1,0.0,1.0,0.0733333333333334,1.0,1.0
45,4,0.1,0.0,1.0,0.08166666666666673,2.0,1.5
46,4,0.1,0.0,1.0,0.0733333333333334,1.0,1.0
47,4,0.1,0.0,1.0,0.0733333333333334,1.0,1.0
48,4,0.1,0.0,1.0,0.07333333333333339,1.0,1.0
49,4,0.1,0.0,1.0,0.08166666666666672,1.0,0.5
0,4,0.2,0.0,0.6666666666666666,0.14,1.0,1.0
1,4,0.2,0.0,0.5833333333333334,0.17333333333333334,2.0,1.75
2,4,0.2,0.0,1.0,0.10666666666666669,1.0,1.0
3,4,0.2,0.0,0.9166666666666666,0.12333333333333335,2.0,1.25
4,4,0.2,0.0,0.5,0.15666666666666668,1.0,1.0
5,4,0.2,0.0,0.8333333333333334,0.12333333333333335,1.0,1.0
6,4,0.2,0.0,1.0,0.10666666666666669,1.0,1.0
7,4,0.2,0.0,0.6666666666666666,0.14,1.0,1.0
8,4,0.2,0.0,0.75,0.14,2.0,1.25
9,4,0.2,0.0,0.8333333333333334,0.12333333333333335,1.0,1.0
10,4,0.2,0.0,1.0,0.10666666666666669,1.0,1.0
11,4,0.2,0.0,0.5,0.15666666666666668,1.0,1.0
12,4,0.2,0.0,0.6666666666666666,0.14,1.0,1.0
13,4,0.2,0.0,1.0,0.10666666666666669,1.0,1.0
14,4,0.2,0.0,1.0,0.10666666666666669,1.0,1.0
15,4,0.2,0.0,1.0,0.10666666666666669,1.0,1.0
16,4,0.2,0.0,1.0,0.10666666666666669,1.0,1.0
17,4,0.2,0.0,0.75,0.14,2.0,1.25
18,4,0.2,0.0,0.8333333333333334,0.12333333333333335,1.0,1.0
19,4,0.2,0.0,1.0,0.10666666666666669,1.0,1.0
20,4,0.2,0.0,0.9166666666666666,0.12333333333333335,2.0,1.25
21,4,0.2,0.0,1.0,0.10666666666666669,1.0,1.0
22,4,0.2,0.0,1.0,0.12333333333333335,1.0,0.5
23,4,0.2,0.0,1.0,0.10666666666666669,1.0,1.0
24,4,0.2,0.0,1.0,0.10666666666666669,1.0,1.0
25,4,0.2,0.0,1.0,0.12333333333333335,1.0,0.5
26,4,0.2,0.0,1.0,0.10666666666666669,1.0,1.0
27,4,0.2,0.0,0.6666666666666666,0.14,1.0,1.0
28,4,0.2,0.0,1.0,0.10666666666666669,1.0,1.0
29,4,0.2,0.0,0.9166666666666666,0.12333333333333335,2.0,1.25
30,4,0.2,0.0,0.8333333333333334,0.12333333333333335,1.0,1.0
31,4,0.2,0.0,1.0,0.10666666666666669,1.0,1.0
32,4,0.2,0.0,0.5,0.15666666666666668,1.0,1.0
33,4,0.2,0.0,0.9166666666666666,0.12333333333333335,2.0,1.25
34,4,0.2,0.0,0.5,0.15666666666666668,1.0,1.0
35,4,0.2,0.0,1.0,0.10666666666666669,1.0,1.0
36,4,0.2,0.0,0.8333333333333334,0.12333333333333335,1.0,1.0
37,4,0.2,0.0,0.6666666666666666,0.14,1.0,1.0
38,4,0.2,0.0,1.0,0.10666666666666669,1.0,1.0
39,4,0.2,0.0,1.0,0.10666666666666669,1.0,1.0
40,4,0.2,0.0,0.9166666666666666,0.12333333333333335,2.0,1.25
41,4,0.2,0.0,0.5,0.15666666666666668,1.0,1.0
42,4,0.2,0.0,0.8333333333333334,0.12333333333333335,1.0,1.0
43,4,0.2,0.0,1.0,0.10666666666666669,1.0,1.0
44,4,0.2,0.0,1.0,0.10666666666666669,1.0,1.0
45,4,0.2,0.0,0.5,0.15666666666666668,1.0,1.0
46,4,0.2,0.0,1.0,0.10666666666666669,1.0,1.0
47,4,0.2,0.0,0.6666666666666666,0.14,1.0,1.0
48,4,0.2,0.0,1.0,0.10666666666666669,1.0,1.0
49,4,0.2,0.0,1.0,0.10666666666666669,1.0,1.0
0,1,0.0,1.0,0.5833333333333334,0.040000000000000036,7.0,7.0
1,1,0.0,1.0,0.16666666666666666,0.040000000000000036,2.0,2.0
2,1,0.0,1.0,0.5833333333333334,0.040000000000000036,7.0,7.0
3,1,0.0,1.0,0.5833333333333334,0.040000000000000036,7.0,7.0
4,1,0.0,1.0,0.5833333333333334,0.040000000000000036,7.0,7.0
5,1,0.0,1.0,0.5833333333333334,0.040000000000000036,7.0,7.0
6,1,0.0,1.0,0.5833333333333334,0.040000000000000036,7.0,7.0
7,1,0.0,1.0,0.5833333333333334,0.040000000000000036,7.0,7.0
8,1,0.0,1.0,0.25,0.040000000000000036,3.0,3.0
9,1,0.0,1.0,0.5833333333333334,0.040000000000000036,7.0,7.0
10,1,0.0,1.0,0.5833333333333334,0.040000000000000036,7.0,7.0
11,1,0.0,1.0,0.5833333333333334,0.040000000000000036,7.0,7.0
12,1,0.0,1.0,0.5833333333333334,0.040000000000000036,7.0,7.0
13,1,0.0,1.0,0.5833333333333334,0.040000000000000036,7.0,7.0
14,1,0.0,1.0,0.5,0.040000000000000036,6.0,6.0
15,1,0.0,1.0,0.5,0.040000000000000036,6.0,6.0
16,1,0.0,1.0,0.5833333333333334,0.040000000000000036,7.0,7.0
17,1,0.0,1.0,0.25,0.040000000000000036,3.0,3.0
18,1,0.0,1.0,0.25,0.040000000000000036,3.0,3.0
19,1,0.0,1.0,0.5,0.040000000000000036,6.0,6.0
20,1,0.0,1.0,0.5833333333333334,0.040000000000000036,7.0,7.0
21,1,0.0,1.0,0.5833333333333334,0.040000000000000036,7.0,7.0
22,1,0.0,1.0,0.5,0.040000000000000036,6.0,6.0
23,1,0.0,1.0,0.4166666666666667,0.040000000000000036,5.0,5.0
24,1,0.0,1.0,0.5,0.040000000000000036,6.0,6.0
25,1,0.0,1.0,0.5,0.040000000000000036,6.0,6.0
26,1,0.0,1.0,0.5833333333333334,0.040000000000000036,7.0,7.0
27,1,0.0,1.0,0.3333333333333333,0.040000000000000036,4.0,4.0
28,1,0.0,1.0,0.5833333333333334,0.040000000000000036,7.0,7.0
29,1,0.0,1.0,0.5833333333333334,0.040000000000000036,7.0,7.0
30,1,0.0,1.0,0.5833333333333334,0.040000000000000036,7.0,7.0
31,1,0.0,1.0,0.5,0.040000000000000036,6.0,6.0
32,1,0.0,1.0,0.5,0.040000000000000036,6.0,6.0
33,1,0.0,1.0,0.5833333333333334,0.040000000000000036,7.0,7.0
34,1,0.0,1.0,0.4166666666666667,0.040000000000000036,5.0,5.0
35,1,0.0,1.0,0.5833333333333334,0.040000000000000036,7.0,7.0
36,1,0.0,1.0,0.3333333333333333,0.040000000000000036,4.0,4.0
37,1,0.0,1.0,0.5,0.040000000000000036,6.0,6.0
38,1,0.0,1.0,0.5,0.040000000000000036,6.0,6.0
39,1,0.0,1.0,0.5,0.040000000000000036,6.0,6.0
40,1,0.0,1.0,0.5833333333333334,0.040000000000000036,7.0,7.0
41,1,0.0,1.0,0.5833333333333334,0.040000000000000036,7.0,7.0
42,1,0.0,1.0,0.3333333333333333,0.040000000000000036,4.0,4.0
43,1,0.0,1.0,0.5,0.040000000000000036,6.0,6.0
44,1,0.0,1.0,0.5,0.040000000000000036,6.0,6.0
45,1,0.0,1.0,0.5833333333333334,0.040000000000000036,7.0,7.0
46,1,0.0,1.0,0.5,0.040000000000000036,6.0,6.0
47,1,0.0,1.0,0.5,0.040000000000000036,6.0,6.0
48,1,0.0,1.0,0.5833333333333334,0.040000000000000036,7.0,7.0
49,1,0.0,1.0,0.4166666666666667,0.040000000000000036,5.0,5.0
0,1,0.05,1.0,0.4166666666666667,0.18285714285714297,5.0,5.0
1,1,0.05,1.0,0.16666666666666666,0.06500000000000006,2.0,2.0
2,1,0.05,1.0,0.4166666666666667,0.18285714285714297,5.0,5.0
3,1,0.05,1.0,0.5,0.2233333333333334,6.0,6.0
4,1,0.05,1.0,0.3333333333333333,0.17750000000000002,4.0,4.0
5,1,0.05,1.0,0.5,0.20875000000000007,6.0,6.0
6,1,0.05,1.0,0.4166666666666667,0.18285714285714297,5.0,5.0
7,1,0.05,1.0,0.3333333333333333,0.17750000000000002,4.0,4.0
8,1,0.05,1.0,0.16666666666666666,0.09000000000000008,2.0,2.0
9,1,0.05,1.0,0.3333333333333333,0.17750000000000002,4.0,4.0
10,1,0.05,1.0,0.4166666666666667,0.18285714285714297,5.0,5.0
11,1,0.05,1.0,0.3333333333333333,0.17750000000000002,4.0,4.0
12,1,0.05,1.0,0.3333333333333333,0.1685714285714286,4.0,4.0
13,1,0.05,1.0,0.4166666666666667,0.18285714285714297,5.0,5.0
14,1,0.05,1.0,0.3333333333333333,0.1566666666666667,4.0,4.0
15,1,0.05,1.0,0.3333333333333333,0.1566666666666667,4.0,4.0
16,1,0.05,1.0,0.4166666666666667,0.18285714285714297,5.0,5.0
17,1,0.05,1.0,0.25,0.09000000000000008,3.0,3.0
18,1,0.05,1.0,0.25,0.09000000000000008,3.0,3.0
19,1,0.05,1.0,0.3333333333333333,0.1566666666666667,4.0,4.0
20,1,0.05,1.0,0.4166666666666667,0.2066666666666668,5.0,5.0
21,1,0.05,1.0,0.5,0.20875000000000007,6.0,6.0
22,1,0.05,1.0,0.4166666666666667,0.16500000000000006,5.0,5.0
23,1,0.05,1.0,0.3333333333333333,0.14000000000000004,4.0,4.0
24,1,0.05,1.0,0.4166666666666667,0.16500000000000006,5.0,5.0
25,1,0.05,1.0,0.4166666666666667,0.16500000000000006,5.0,5.0
26,1,0.05,1.0,0.5,0.20875000000000007,6.0,6.0
27,1,0.05,1.0,0.25,0.11500000000000005,3.0,3.0
28,1,0.05,1.0,0.5,0.20875000000000007,6.0,6.0
29,1,0.05,1.0,0.5,0.2233333333333334,6.0,6.0
30,1,0.05,1.0,0.5,0.2233333333333334,6.0,6.0
31,1,0.05,1.0,0.3333333333333333,0.1566666666666667,4.0,4.0
32,1,0.05,1.0,0.3333333333333333,0.1566666666666667,4.0,4.0
33,1,0.05,1.0,0.5,0.2233333333333334,6.0,6.0
34,1,0.05,1.0,0.3333333333333333,0.14000000000000004,4.0,4.0
35,1,0.05,1.0,0.4166666666666667,0.18285714285714297,5.0,5.0
36,1,0.05,1.0,0.25,0.11500000000000005,3.0,3.0
37,1,0.05,1.0,0.4166666666666667,0.16500000000000006,5.0,5.0
38,1,0.05,1.0,0.25,0.14,3.0,3.0
39,1,0.05,1.0,0.3333333333333333,0.1566666666666667,4.0,4.0
40,1,0.05,1.0,0.5,0.2233333333333334,6.0,6.0
41,1,0.05,1.0,0.25,0.14714285714285716,3.0,3.0
42,1,0.05,1.0,0.3333333333333333,0.11500000000000005,4.0,4.0
43,1,0.05,1.0,0.3333333333333333,0.1566666666666667,4.0,4.0
44,1,0.05,1.0,0.4166666666666667,0.16500000000000006,5.0,5.0
45,1,0.05,1.0,0.4166666666666667,0.2066666666666668,5.0,5.0
46,1,0.05,1.0,0.3333333333333333,0.1566666666666667,4.0,4.0
47,1,0.05,1.0,0.3333333333333333,0.1566666666666667,4.0,4.0
48,1,0.05,1.0,0.25,0.14714285714285716,3.0,3.0
49,1,0.05,1.0,0.25,0.13000000000000003,3.0,3.0
0,1,0.1,1.0,0.3333333333333333,0.29714285714285715,4.0,4.0
1,1,0.1,1.0,0.16666666666666666,0.09000000000000008,2.0,2.0
2,1,0.1,1.0,0.25,0.25428571428571434,3.0,3.0
3,1,0.1,1.0,0.3333333333333333,0.3288888888888889,4.0,4.0
4,1,0.1,1.0,0.16666666666666666,0.2025,2.0,2.0
5,1,0.1,1.0,0.25,0.26500000000000007,3.0,3.0
6,1,0.1,1.0,0.25,0.25428571428571434,3.0,3.0
7,1,0.1,1.0,0.25,0.26500000000000007,3.0,3.0
8,1,0.1,1.0,0.08333333333333333,0.10666666666666676,1.0,1.0
9,1,0.1,1.0,0.25,0.26500000000000007,3.0,3.0
10,1,0.1,1.0,0.25,0.25428571428571434,3.0,3.0
11,1,0.1,1.0,0.16666666666666666,0.2025,2.0,2.0
12,1,0.1,1.0,0.25,0.25428571428571434,3.0,3.0
13,1,0.1,1.0,0.25,0.25428571428571434,3.0,3.0
14,1,0.1,1.0,0.25,0.24000000000000007,3.0,3.0
15,1,0.1,1.0,0.25,0.24000000000000007,3.0,3.0
16,1,0.1,1.0,0.25,0.25428571428571434,3.0,3.0
17,1,0.1,1.0,0.25,0.14000000000000004,3.0,3.0
18,1,0.1,1.0,0.25,0.14000000000000004,3.0,3.0
19,1,0.1,1.0,0.25,0.24000000000000007,3.0,3.0
20,1,0.1,1.0,0.3333333333333333,0.3288888888888889,4.0,4.0
21,1,0.1,1.0,0.25,0.26500000000000007,3.0,3.0
22,1,0.1,1.0,0.25,0.24000000000000007,3.0,3.0
23,1,0.1,1.0,0.25,0.22000000000000006,3.0,3.0
24,1,0.1,1.0,0.3333333333333333,0.2733333333333334,4.0,4.0
25,1,0.1,1.0,0.25,0.24000000000000007,3.0,3.0
26,1,0.1,1.0,0.3333333333333333,0.315,4.0,4.0
27,1,0.1,1.0,0.16666666666666666,0.16500000000000004,2.0,2.0
28,1,0.1,1.0,0.3333333333333333,0.315,4.0,4.0
29,1,0.1,1.0,0.25,0.27333333333333343,3.0,3.0
30,1,0.1,1.0,0.3333333333333333,0.3288888888888889,4.0,4.0
31,1,0.1,1.0,0.25,0.24000000000000007,3.0,3.0
32,1,0.1,1.0,0.25,0.24000000000000007,3.0,3.0
33,1,0.1,1.0,0.25,0.27333333333333343,3.0,3.0
34,1,0.1,1.0,0.25,0.22000000000000006,3.0,3.0
35,1,0.1,1.0,0.25,0.25428571428571434,3.0,3.0
36,1,0.1,1.0,0.16666666666666666,0.16500000000000004,2.0,2.0
37,1,0.1,1.0,0.25,0.24000000000000007,3.0,3.0
38,1,0.1,1.0,0.25,0.24000000000000007,3.0,3.0
39,1,0.1,1.0,0.25,0.24000000000000007,3.0,3.0
40,1,0.1,1.0,0.25,0.27333333333333343,3.0,3.0
41,1,0.1,1.0,0.16666666666666666,0.19714285714285715,2.0,2.0
42,1,0.1,1.0,0.25,0.19000000000000006,3.0,3.0
43,1,0.1,1.0,0.25,0.24000000000000007,3.0,3.0
44,1,0.1,1.0,0.3333333333333333,0.2733333333333334,4.0,4.0
45,1,0.1,1.0,0.25,0.27333333333333343,3.0,3.0
46,1,0.1,1.0,0.25,0.24000000000000007,3.0,3.0
47,1,0.1,1.0,0.25,0.24000000000000007,3.0,3.0
48,1,0.1,1.0,0.25,0.25428571428571434,3.0,3.0
49,1,0.1,1.0,0.16666666666666666,0.18000000000000002,2.0,2.0
0,1,0.2,1.0,0.16666666666666666,0.35428571428571426,2.0,2.0
1,1,0.2,1.0,0.08333333333333333,0.14,1.0,1.0
2,1,0.2,1.0,0.16666666666666666,0.35428571428571426,2.0,2.0
3,1,0.2,1.0,0.16666666666666666,0.3733333333333333,2.0,2.0
4,1,0.2,1.0,0.08333333333333333,0.215,1.0,1.0
5,1,0.2,1.0,0.16666666666666666,0.365,2.0,2.0
6,1,0.2,1.0,0.16666666666666666,0.35428571428571426,2.0,2.0
7,1,0.2,1.0,0.16666666666666666,0.365,2.0,2.0
8,1,0.2,1.0,0.08333333333333333,0.17333333333333334,1.0,1.0
9,1,0.2,1.0,0.16666666666666666,0.365,2.0,2.0
10,1,0.2,1.0,0.16666666666666666,0.35428571428571426,2.0,2.0
11,1,0.2,1.0,0.16666666666666666,0.365,2.0,2.0
12,1,0.2,1.0,0.16666666666666666,0.35428571428571426,2.0,2.0
13,1,0.2,1.0,0.16666666666666666,0.35428571428571426,2.0,2.0
14,1,0.2,1.0,0.16666666666666666,0.33999999999999997,2.0,2.0
15,1,0.2,1.0,0.16666666666666666,0.33999999999999997,2.0,2.0
16,1,0.2,1.0,0.16666666666666666,0.35428571428571426,2.0,2.0
17,1,0.2,1.0,0.16666666666666666,0.24,2.0,2.0
18,1,0.2,1.0,0.16666666666666666,0.24,2.0,2.0
19,1,0.2,1.0,0.16666666666666666,0.33999999999999997,2.0,2.0
20,1,0.2,1.0,0.16666666666666666,0.3733333333333333,2.0,2.0
21,1,0.2,1.0,0.16666666666666666,0.365,2.0,2.0
22,1,0.2,1.0,0.16666666666666666,0.33999999999999997,2.0,2.0
23,1,0.2,1.0,0.16666666666666666,0.31999999999999995,2.0,2.0
24,1,0.2,1.0,0.16666666666666666,0.33999999999999997,2.0,2.0
25,1,0.2,1.0,0.16666666666666666,0.33999999999999997,2.0,2.0
26,1,0.2,1.0,0.16666666666666666,0.365,2.0,2.0
27,1,0.2,1.0,0.08333333333333333,0.19,1.0,1.0
28,1,0.2,1.0,0.16666666666666666,0.365,2.0,2.0
29,1,0.2,1.0,0.16666666666666666,0.3733333333333333,2.0,2.0
30,1,0.2,1.0,0.16666666666666666,0.3733333333333333,2.0,2.0
31,1,0.2,1.0,0.16666666666666666,0.33999999999999997,2.0,2.0
32,1,0.2,1.0,0.16666666666666666,0.33999999999999997,2.0,2.0
33,1,0.2,1.0,0.16666666666666666,0.3733333333333333,2.0,2.0
34,1,0.2,1.0,0.16666666666666666,0.31999999999999995,2.0,2.0
35,1,0.2,1.0,0.16666666666666666,0.35428571428571426,2.0,2.0
36,1,0.2,1.0,0.16666666666666666,0.29,2.0,2.0
37,1,0.2,1.0,0.16666666666666666,0.33999999999999997,2.0,2.0
38,1,0.2,1.0,0.16666666666666666,0.33999999999999997,2.0,2.0
39,1,0.2,1.0,0.16666666666666666,0.33999999999999997,2.0,2.0
40,1,0.2,1.0,0.16666666666666666,0.3733333333333333,2.0,2.0
41,1,0.2,1.0,0.16666666666666666,0.35428571428571426,2.0,2.0
42,1,0.2,1.0,0.16666666666666666,0.29,2.0,2.0
43,1,0.2,1.0,0.16666666666666666,0.33999999999999997,2.0,2.0
44,1,0.2,1.0,0.16666666666666666,0.33999999999999997,2.0,2.0
45,1,0.2,1.0,0.16666666666666666,0.3733333333333333,2.0,2.0
46,1,0.2,1.0,0.16666666666666666,0.33999999999999997,2.0,2.0
47,1,0.2,1.0,0.16666666666666666,0.33999999999999997,2.0,2.0
48,1,0.2,1.0,0.16666666666666666,0.35428571428571426,2.0,2.0
49,1,0.2,1.0,0.16666666666666666,0.31999999999999995,2.0,2.0
0,2,0.0,1.0,0.5833333333333334,0.040000000000000036,4.0,3.5
1,2,0.0,1.0,0.16666666666666666,0.040000000000000036,1.0,1.0
2,2,0.0,1.0,0.5833333333333334,0.040000000000000036,4.0,3.5
3,2,0.0,1.0,0.75,0.040000000000000036,5.0,4.5
4,2,0.0,1.0,0.6666666666666666,0.040000000000000036,4.0,4.0
5,2,0.0,1.0,0.6666666666666666,0.040000000000000036,4.0,4.0
6,2,0.0,1.0,0.5833333333333334,0.040000000000000036,4.0,3.5
7,2,0.0,1.0,0.6666666666666666,0.040000000000000036,4.0,4.0
8,2,0.0,1.0,0.25,0.040000000000000036,2.0,1.5
9,2,0.0,1.0,0.6666666666666666,0.040000000000000036,4.0,4.0
10,2,0.0,1.0,0.5833333333333334,0.040000000000000036,4.0,3.5
11,2,0.0,1.0,0.6666666666666666,0.040000000000000036,4.0,4.0
12,2,0.0,1.0,0.5833333333333334,0.040000000000000036,4.0,3.5
13,2,0.0,1.0,0.5833333333333334,0.040000000000000036,4.0,3.5
14,2,0.0,1.0,0.5,0.040000000000000036,3.0,3.0
15,2,0.0,1.0,0.5,0.040000000000000036,3.0,3.0
16,2,0.0,1.0,0.5833333333333334,0.040000000000000036,4.0,3.5
17,2,0.0,1.0,0.25,0.040000000000000036,2.0,1.5
18,2,0.0,1.0,0.25,0.040000000000000036,2.0,1.5
19,2,0.0,1.0,0.5,0.040000000000000036,3.0,3.0
20,2,0.0,1.0,0.75,0.040000000000000036,5.0,4.5
21,2,0.0,1.0,0.6666666666666666,0.040000000000000036,4.0,4.0
22,2,0.0,1.0,0.5,0.040000000000000036,3.0,3.0
23,2,0.0,1.0,0.4166666666666667,0.040000000000000036,3.0,2.5
24,2,0.0,1.0,0.5,0.040000000000000036,3.0,3.0
25,2,0.0,1.0,0.5,0.040000000000000036,3.0,3.0
26,2,0.0,1.0,0.6666666666666666,0.040000000000000036,4.0,4.0
27,2,0.0,1.0,0.3333333333333333,0.040000000000000036,2.0,2.0
28,2,0.0,1.0,0.6666666666666666,0.040000000000000036,4.0,4.0
29,2,0.0,1.0,0.75,0.040000000000000036,5.0,4.5
30,2,0.0,1.0,0.75,0.040000000000000036,5.0,4.5
31,2,0.0,1.0,0.5,0.040000000000000036,3.0,3.0
32,2,0.0,1.0,0.5,0.040000000000000036,3.0,3.0
33,2,0.0,1.0,0.75,0.040000000000000036,5.0,4.5
34,2,0.0,1.0,0.4166666666666667,0.040000000000000036,3.0,2.5
35,2,0.0,1.0,0.5833333333333334,0.040000000000000036,4.0,3.5
36,2,0.0,1.0,0.3333333333333333,0.040000000000000036,2.0,2.0
37,2,0.0,1.0,0.5,0.040000000000000036,3.0,3.0
38,2,0.0,1.0,0.5,0.040000000000000036,3.0,3.0
39,2,0.0,1.0,0.5,0.040000000000000036,3.0,3.0
40,2,0.0,1.0,0.75,0.040000000000000036,5.0,4.5
41,2,0.0,1.0,0.5833333333333334,0.040000000000000036,4.0,3.5
42,2,0.0,1.0,0.3333333333333333,0.040000000000000036,2.0,2.0
43,2,0.0,1.0,0.5,0.040000000000000036,3.0,3.0
44,2,0.0,1.0,0.5,0.040000000000000036,3.0,3.0
45,2,0.0,1.0,0.75,0.040000000000000036,5.0,4.5
46,2,0.0,1.0,0.5,0.040000000000000036,3.0,3.0
47,2,0.0,1.0,0.5,0.040000000000000036,3.0,3.0
48,2,0.0,1.0,0.5833333333333334,0.040000000000000036,4.0,3.5
49,2,0.0,1.0,0.4166666666666667,0.040000000000000036,3.0,2.5
0,2,0.05,1.0,0.5,0.10428571428571434,3.0,3.0
1,2,0.05,1.0,0.16666666666666666,0.040000000000000036,1.0,1.0
2,2,0.05,1.0,0.5,0.10428571428571434,3.0,3.0
3,2,0.05,1.0,0.6666666666666666,0.12888888888888894,4.0,4.0
4,2,0.05,1.0,0.5,0.11500000000000005,3.0,3.0
5,2,0.05,1.0,0.5833333333333334,0.11500000000000005,4.0,3.5
6,2,0.05,1.0,0.5833333333333334,0.10428571428571434,4.0,3.5
7,2,0.05,1.0,0.5,0.11500000000000005,3.0,3.0
8,2,0.05,1.0,0.25,0.05666666666666672,2.0,1.5
9,2,0.05,1.0,0.5,0.11500000000000005,3.0,3.0
10,2,0.05,1.0,0.5,0.10428571428571434,3.0,3.0
11,2,0.05,1.0,0.5,0.11500000000000005,3.0,3.0
12,2,0.05,1.0,0.4166666666666667,0.09714285714285723,3.0,2.5
13,2,0.05,1.0,0.5,0.10428571428571434,3.0,3.0
14,2,0.05,1.0,0.4166666666666667,0.09000000000000008,3.0,2.5
15,2,0.05,1.0,0.5,0.09000000000000008,3.0,3.0
16,2,0.05,1.0,0.5,0.10428571428571434,3.0,3.0
17,2,0.05,1.0,0.25,0.05666666666666672,2.0,1.5
18,2,0.05,1.0,0.25,0.05666666666666672,2.0,1.5
19,2,0.05,1.0,0.5,0.09000000000000008,3.0,3.0
20,2,0.05,1.0,0.5833333333333334,0.12333333333333336,4.0,3.5
21,2,0.05,1.0,0.5833333333333334,0.11500000000000005,4.0,3.5
22,2,0.05,1.0,0.4166666666666667,0.09000000000000008,3.0,2.5
23,2,0.05,1.0,0.4166666666666667,0.08000000000000007,3.0,2.5
24,2,0.05,1.0,0.4166666666666667,0.09000000000000008,3.0,2.5
25,2,0.05,1.0,0.5,0.09000000000000008,3.0,3.0
26,2,0.05,1.0,0.6666666666666666,0.11500000000000005,4.0,4.0
27,2,0.05,1.0,0.3333333333333333,0.06500000000000006,2.0,2.0
28,2,0.05,1.0,0.5833333333333334,0.11500000000000005,4.0,3.5
29,2,0.05,1.0,0.5833333333333334,0.12333333333333336,4.0,3.5
30,2,0.05,1.0,0.6666666666666666,0.12888888888888894,4.0,4.0
31,2,0.05,1.0,0.4166666666666667,0.09000000000000008,3.0,2.5
32,2,0.05,1.0,0.5,0.09000000000000008,3.0,3.0
33,2,0.05,1.0,0.5833333333333334,0.12333333333333336,4.0,3.5
34,2,0.05,1.0,0.4166666666666667,0.08000000000000007,3.0,2.5
35,2,0.05,1.0,0.5833333333333334,0.10428571428571434,4.0,3.5
36,2,0.05,1.0,0.3333333333333333,0.06500000000000006,2.0,2.0
37,2,0.05,1.0,0.4166666666666667,0.09000000000000008,3.0,2.5
38,2,0.05,1.0,0.4166666666666667,0.09000000000000008,3.0,2.5
39,2,0.05,1.0,0.4166666666666667,0.09000000000000008,3.0,2.5
40,2,0.05,1.0,0.6666666666666666,0.12888888888888894,4.0,4.0
41,2,0.05,1.0,0.5,0.10428571428571434,3.0,3.0
42,2,0.05,1.0,0.3333333333333333,0.06500000000000006,2.0,2.0
43,2,0.05,1.0,0.4166666666666667,0.09000000000000008,3.0,2.5
44,2,0.05,1.0,0.5,0.09000000000000008,3.0,3.0
45,2,0.05,1.0,0.5,0.12333333333333336,3.0,3.0
46,2,0.05,1.0,0.4166666666666667,0.09000000000000008,3.0,2.5
47,2,0.05,1.0,0.5,0.09000000000000008,3.0,3.0
48,2,0.05,1.0,0.3333333333333333,0.09714285714285723,2.0,2.0
49,2,0.05,1.0,0.25,0.07000000000000006,2.0,1.5
0,2,0.1,1.0,0.4166666666666667,0.15428571428571433,3.0,2.5
1,2,0.1,1.0,0.16666666666666666,0.040000000000000036,1.0,1.0
2,2,0.1,1.0,0.5,0.16857142857142862,3.0,3.0
3,2,0.1,1.0,0.5,0.20666666666666672,3.0,3.0
4,2,0.1,1.0,0.3333333333333333,0.16500000000000004,2.0,2.0
5,2,0.1,1.0,0.5,0.19000000000000006,3.0,3.0
6,2,0.1,1.0,0.5,0.16857142857142862,3.0,3.0
7,2,0.1,1.0,0.4166666666666667,0.16500000000000004,3.0,2.5
8,2,0.1,1.0,0.16666666666666666,0.0733333333333334,1.0,1.0
9,2,0.1,1.0,0.3333333333333333,0.16500000000000004,2.0,2.0
10,2,0.1,1.0,0.5,0.16857142857142862,3.0,3.0
11,2,0.1,1.0,0.3333333333333333,0.16500000000000004,2.0,2.0
12,2,0.1,1.0,0.3333333333333333,0.15428571428571433,2.0,2.0
13,2,0.1,1.0,0.4166666666666667,0.15428571428571433,3.0,2.5
14,2,0.1,1.0,0.3333333333333333,0.14000000000000004,2.0,2.0
15,2,0.1,1.0,0.4166666666666667,0.14000000000000004,3.0,2.5
16,2,0.1,1.0,0.5,0.16857142857142862,3.0,3.0
17,2,0.1,1.0,0.25,0.0733333333333334,2.0,1.5
18,2,0.1,1.0,0.25,0.0733333333333334,2.0,1.5
19,2,0.1,1.0,0.3333333333333333,0.14000000000000004,2.0,2.0
20,2,0.1,1.0,0.5,0.20666666666666672,3.0,3.0
21,2,0.1,1.0,0.5,0.19000000000000006,3.0,3.0
22,2,0.1,1.0,0.4166666666666667,0.14000000000000004,3.0,2.5
23,2,0.1,1.0,0.4166666666666667,0.12000000000000006,3.0,2.5
24,2,0.1,1.0,0.4166666666666667,0.14000000000000004,3.0,2.5
25,2,0.1,1.0,0.4166666666666667,0.14000000000000004,3.0,2.5
26,2,0.1,1.0,0.5,0.19000000000000006,3.0,3.0
27,2,0.1,1.0,0.25,0.09000000000000008,2.0,1.5
28,2,0.1,1.0,0.5,0.19000000000000006,3.0,3.0
29,2,0.1,1.0,0.5,0.20666666666666672,3.0,3.0
30,2,0.1,1.0,0.5,0.20666666666666672,3.0,3.0
31,2,0.1,1.0,0.4166666666666667,0.14000000000000004,3.0,2.5
32,2,0.1,1.0,0.3333333333333333,0.14000000000000004,2.0,2.0
33,2,0.1,1.0,0.5,0.20666666666666672,3.0,3.0
34,2,0.1,1.0,0.3333333333333333,0.12000000000000006,2.0,2.0
35,2,0.1,1.0,0.5,0.16857142857142862,3.0,3.0
36,2,0.1,1.0,0.3333333333333333,0.09000000000000008,2.0,2.0
37,2,0.1,1.0,0.4166666666666667,0.14000000000000004,3.0,2.5
38,2,0.1,1.0,0.25,0.10666666666666676,2.0,1.5
39,2,0.1,1.0,0.3333333333333333,0.14000000000000004,2.0,2.0
40,2,0.1,1.0,0.5,0.20666666666666672,3.0,3.0
41,2,0.1,1.0,0.3333333333333333,0.15428571428571433,2.0,2.0
42,2,0.1,1.0,0.3333333333333333,0.09000000000000008,2.0,2.0
43,2,0.1,1.0,0.3333333333333333,0.14000000000000004,2.0,2.0
44,2,0.1,1.0,0.4166666666666667,0.14000000000000004,3.0,2.5
45,2,0.1,1.0,0.4166666666666667,0.17333333333333337,3.0,2.5
46,2,0.1,1.0,0.3333333333333333,0.14000000000000004,2.0,2.0
47,2,0.1,1.0,0.3333333333333333,0.14000000000000004,2.0,2.0
48,2,0.1,1.0,0.25,0.11142857142857153,2.0,1.5
49,2,0.1,1.0,0.25,0.10000000000000009,2.0,1.5
0,2,0.2,1.0,0.3333333333333333,0.26857142857142857,2.0,2.0
1,2,0.2,1.0,0.16666666666666666,0.040000000000000036,1.0,1.0
2,2,0.2,1.0,0.3333333333333333,0.26857142857142857,2.0,2.0
3,2,0.2,1.0,0.3333333333333333,0.30666666666666664,2.0,2.0
4,2,0.2,1.0,0.16666666666666666,0.19,1.0,1.0
5,2,0.2,1.0,0.3333333333333333,0.29,2.0,2.0
6,2,0.2,1.0,0.3333333333333333,0.26857142857142857,2.0,2.0
7,2,0.2,1.0,0.3333333333333333,0.29,2.0,2.0
8,2,0.2,1.0,0.16666666666666666,0.10666666666666669,1.0,1.0
9,2,0.2,1.0,0.25,0.19,2.0,1.5
10,2,0.2,1.0,0.3333333333333333,0.26857142857142857,2.0,2.0
11,2,0.2,1.0,0.16666666666666666,0.19,1.0,1.0
12,2,0.2,1.0,0.3333333333333333,0.26857142857142857,2.0,2.0
13,2,0.2,1.0,0.3333333333333333,0.26857142857142857,2.0,2.0
14,2,0.2,1.0,0.3333333333333333,0.24,2.0,2.0
15,2,0.2,1.0,0.3333333333333333,0.24,2.0,2.0
16,2,0.2,1.0,0.3333333333333333,0.26857142857142857,2.0,2.0
17,2,0.2,1.0,0.25,0.10666666666666669,2.0,1.5
18,2,0.2,1.0,0.25,0.10666666666666669,2.0,1.5
19,2,0.2,1.0,0.3333333333333333,0.24,2.0,2.0
20,2,0.2,1.0,0.3333333333333333,0.30666666666666664,2.0,2.0
21,2,0.2,1.0,0.3333333333333333,0.29,2.0,2.0
22,2,0.2,1.0,0.3333333333333333,0.24,2.0,2.0
23,2,0.2,1.0,0.3333333333333333,0.2,2.0,2.0
24,2,0.2,1.0,0.3333333333333333,0.24,2.0,2.0
25,2,0.2,1.0,0.3333333333333333,0.24,2.0,2.0
26,2,0.2,1.0,0.3333333333333333,0.29,2.0,2.0
27,2,0.2,1.0,0.16666666666666666,0.14,1.0,1.0
28,2,0.2,1.0,0.3333333333333333,0.29,2.0,2.0
29,2,0.2,1.0,0.3333333333333333,0.30666666666666664,2.0,2.0
30,2,0.2,1.0,0.3333333333333333,0.30666666666666664,2.0,2.0
31,2,0.2,1.0,0.3333333333333333,0.24,2.0,2.0
32,2,0.2,1.0,0.25,0.17333333333333334,2.0,1.5
33,2,0.2,1.0,0.3333333333333333,0.30666666666666664,2.0,2.0
34,2,0.2,1.0,0.25,0.16,2.0,1.5
35,2,0.2,1.0,0.3333333333333333,0.26857142857142857,2.0,2.0
36,2,0.2,1.0,0.25,0.14,2.0,1.5
37,2,0.2,1.0,0.25,0.17333333333333334,2.0,1.5
38,2,0.2,1.0,0.25,0.17333333333333334,2.0,1.5
39,2,0.2,1.0,0.25,0.17333333333333334,2.0,1.5
40,2,0.2,1.0,0.3333333333333333,0.30666666666666664,2.0,2.0
41,2,0.2,1.0,0.16666666666666666,0.18285714285714286,1.0,1.0
42,2,0.2,1.0,0.25,0.14,2.0,1.5
43,2,0.2,1.0,0.3333333333333333,0.24,2.0,2.0
44,2,0.2,1.0,0.3333333333333333,0.24,2.0,2.0
45,2,0.2,1.0,0.25,0.19555555555555557,2.0,1.5
46,2,0.2,1.0,0.3333333333333333,0.24,2.0,2.0
47,2,0.2,1.0,0.3333333333333333,0.24,2.0,2.0
48,2,0.2,1.0,0.25,0.18285714285714286,2.0,1.5
49,2,0.2,1.0,0.16666666666666666,0.16,1.0,1.0
0,4,0.0,1.0,0.5833333333333334,0.040000000000000036,2.0,1.75
1,4,0.0,1.0,0.16666666666666666,0.040000000000000036,1.0,0.5
2,4,0.0,1.0,0.5833333333333334,0.040000000000000036,2.0,1.75
3,4,0.0,1.0,0.75,0.040000000000000036,3.0,2.25
4,4,0.0,1.0,0.6666666666666666,0.040000000000000036,2.0,2.0
5,4,0.0,1.0,0.6666666666666666,0.040000000000000036,2.0,2.0
6,4,0.0,1.0,0.5833333333333334,0.040000000000000036,2.0,1.75
7,4,0.0,1.0,0.6666666666666666,0.040000000000000036,2.0,2.0
8,4,0.0,1.0,0.25,0.040000000000000036,1.0,0.75
9,4,0.0,1.0,0.6666666666666666,0.040000000000000036,2.0,2.0
10,4,0.0,1.0,0.5833333333333334,0.040000000000000036,2.0,1.75
11,4,0.0,1.0,0.6666666666666666,0.040000000000000036,2.0,2.0
12,4,0.0,1.0,0.5833333333333334,0.040000000000000036,2.0,1.75
13,4,0.0,1.0,0.5833333333333334,0.040000000000000036,2.0,1.75
14,4,0.0,1.0,0.5,0.040000000000000036,2.0,1.5
15,4,0.0,1.0,0.5,0.040000000000000036,2.0,1.5
16,4,0.0,1.0,0.5833333333333334,0.040000000000000036,2.0,1.75
17,4,0.0,1.0,0.25,0.040000000000000036,1.0,0.75
18,4,0.0,1.0,0.25,0.040000000000000036,1.0,0.75
19,4,0.0,1.0,0.5,0.040000000000000036,2.0,1.5
20,4,0.0,1.0,0.75,0.040000000000000036,3.0,2.25
21,4,0.0,1.0,0.6666666666666666,0.040000000000000036,2.0,2.0
22,4,0.0,1.0,0.5,0.040000000000000036,2.0,1.5
23,4,0.0,1.0,0.4166666666666667,0.040000000000000036,2.0,1.25
24,4,0.0,1.0,0.5,0.040000000000000036,2.0,1.5
25,4,0.0,1.0,0.5,0.040000000000000036,2.0,1.5
26,4,0.0,1.0,0.6666666666666666,0.040000000000000036,2.0,2.0
27,4,0.0,1.0,0.3333333333333333,0.040000000000000036,1.0,1.0
28,4,0.0,1.0,0.6666666666666666,0.040000000000000036,2.0,2.0
29,4,0.0,1.0,0.75,0.040000000000000036,3.0,2.25
30,4,0.0,1.0,0.75,0.040000000000000036,3.0,2.25
31,4,0.0,1.0,0.5,0.040000000000000036,2.0,1.5
32,4,0.0,1.0,0.5,0.040000000000000036,2.0,1.5
33,4,0.0,1.0,0.75,0.040000000000000036,3.0,2.25
34,4,0.0,1.0,0.4166666666666667,0.040000000000000036,2.0,1.25
35,4,0.0,1.0,0.5833333333333334,0.040000000000000036,2.0,1.75
36,4,0.0,1.0,0.3333333333333333,0.040000000000000036,1.0,1.0
37,4,0.0,1.0,0.5,0.040000000000000036,2.0,1.5
38,4,0.0,1.0,0.5,0.040000000000000036,2.0,1.5
39,4,0.0,1.0,0.5,0.040000000000000036,2.0,1.5
40,4,0.0,1.0,0.75,0.040000000000000036,3.0,2.25
41,4,0.0,1.0,0.5833333333333334,0.040000000000000036,2.0,1.75
42,4,0.0,1.0,0.3333333333333333,0.040000000000000036,1.0,1.0
43,4,0.0,1.0,0.5,0.040000000000000036,2.0,1.5
44,4,0.0,1.0,0.5,0.040000000000000036,2.0,1.5
45,4,0.0,1.0,0.75,0.040000000000000036,3.0,2.25
46,4,0.0,1.0,0.5,0.040000000000000036,2.0,1.5
47,4,0.0,1.0,0.5,0.040000000000000036,2.0,1.5
48,4,0.0,1.0,0.5833333333333334,0.040000000000000036,2.0,1.75
49,4,0.0,1.0,0.4166666666666667,0.040000000000000036,2.0,1.25
0,4,0.05,1.0,0.5833333333333334,0.061428571428571485,2.0,1.75
1,4,0.05,1.0,0.16666666666666666,0.040000000000000036,1.0,0.5
2,4,0.05,1.0,0.5,0.061428571428571485,2.0,1.5
3,4,0.05,1.0,0.75,0.0733333333333334,3.0,2.25
4,4,0.05,1.0,0.5833333333333334,0.06500000000000006,2.0,1.75
5,4,0.05,1.0,0.6666666666666666,0.06500000000000006,2.0,2.0
6,4,0.05,1.0,0.5833333333333334,0.061428571428571485,2.0,1.75
7,4,0.05,1.0,0.6666666666666666,0.06500000000000006,2.0,2.0
8,4,0.05,1.0,0.25,0.040000000000000036,1.0,0.75
9,4,0.05,1.0,0.6666666666666666,0.06500000000000006,2.0,2.0
10,4,0.05,1.0,0.5833333333333334,0.061428571428571485,2.0,1.75
11,4,0.05,1.0,0.6666666666666666,0.06500000000000006,2.0,2.0
12,4,0.05,1.0,0.5,0.061428571428571485,2.0,1.5
13,4,0.05,1.0,0.5,0.061428571428571485,2.0,1.5
14,4,0.05,1.0,0.5,0.05666666666666672,2.0,1.5
15,4,0.05,1.0,0.5,0.05666666666666672,2.0,1.5
16,4,0.05,1.0,0.5833333333333334,0.061428571428571485,2.0,1.75
17,4,0.05,1.0,0.25,0.040000000000000036,1.0,0.75
18,4,0.05,1.0,0.25,0.040000000000000036,1.0,0.75
19,4,0.05,1.0,0.5,0.05666666666666672,2.0,1.5
20,4,0.05,1.0,0.6666666666666666,0.0733333333333334,2.0,2.0
21,4,0.05,1.0,0.6666666666666666,0.06500000000000006,2.0,2.0
22,4,0.05,1.0,0.5,0.05666666666666672,2.0,1.5
23,4,0.05,1.0,0.4166666666666667,0.050000000000000044,2.0,1.25
24,4,0.05,1.0,0.5,0.05666666666666672,2.0,1.5
25,4,0.05,1.0,0.5,0.05666666666666672,2.0,1.5
26,4,0.05,1.0,0.6666666666666666,0.06500000000000006,2.0,2.0
27,4,0.05,1.0,0.3333333333333333,0.040000000000000036,1.0,1.0
28,4,0.05,1.0,0.6666666666666666,0.06500000000000006,2.0,2.0
29,4,0.05,1.0,0.75,0.0733333333333334,3.0,2.25
30,4,0.05,1.0,0.75,0.0733333333333334,3.0,2.25
31,4,0.05,1.0,0.5,0.05666666666666672,2.0,1.5
32,4,0.05,1.0,0.5,0.05666666666666672,2.0,1.5
33,4,0.05,1.0,0.6666666666666666,0.0733333333333334,2.0,2.0
34,4,0.05,1.0,0.4166666666666667,0.050000000000000044,2.0,1.25
35,4,0.05,1.0,0.5833333333333334,0.061428571428571485,2.0,1.75
36,4,0.05,1.0,0.3333333333333333,0.040000000000000036,1.0,1.0
37,4,0.05,1.0,0.5,0.05666666666666672,2.0,1.5
38,4,0.05,1.0,0.5,0.05666666666666672,2.0,1.5
39,4,0.05,1.0,0.5,0.05666666666666672,2.0,1.5
40,4,0.05,1.0,0.6666666666666666,0.0733333333333334,2.0,2.0
41,4,0.05,1.0,0.5,0.061428571428571485,2.0,1.5
42,4,0.05,1.0,0.3333333333333333,0.040000000000000036,1.0,1.0
43,4,0.05,1.0,0.5,0.05666666666666672,2.0,1.5
44,4,0.05,1.0,0.5,0.05666666666666672,2.0,1.5
45,4,0.05,1.0,0.6666666666666666,0.0733333333333334,2.0,2.0
46,4,0.05,1.0,0.5,0.05666666666666672,2.0,1.5
47,4,0.05,1.0,0.5,0.05666666666666672,2.0,1.5
48,4,0.05,1.0,0.5,0.061428571428571485,2.0,1.5
49,4,0.05,1.0,0.3333333333333333,0.050000000000000044,1.0,1.0
0,4,0.1,1.0,0.5,0.08285714285714293,2.0,1.5
1,4,0.1,1.0,0.16666666666666666,0.040000000000000036,1.0,0.5
2,4,0.1,1.0,0.5,0.08285714285714293,2.0,1.5
3,4,0.1,1.0,0.6666666666666666,0.10666666666666674,2.0,2.0
4,4,0.1,1.0,0.5,0.09000000000000008,2.0,1.5
5,4,0.1,1.0,0.6666666666666666,0.09000000000000008,2.0,2.0
6,4,0.1,1.0,0.5833333333333334,0.08285714285714293,2.0,1.75
7,4,0.1,1.0,0.5,0.09000000000000008,2.0,1.5
8,4,0.1,1.0,0.25,0.040000000000000036,1.0,0.75
9,4,0.1,1.0,0.5,0.09000000000000008,2.0,1.5
10,4,0.1,1.0,0.5833333333333334,0.08285714285714293,2.0,1.75
11,4,0.1,1.0,0.5833333333333334,0.09000000000000008,2.0,1.75
12,4,0.1,1.0,0.4166666666666667,0.08285714285714293,2.0,1.25
13,4,0.1,1.0,0.5,0.08285714285714293,2.0,1.5
14,4,0.1,1.0,0.4166666666666667,0.0733333333333334,2.0,1.25
15,4,0.1,1.0,0.5,0.0733333333333334,2.0,1.5
16,4,0.1,1.0,0.5833333333333334,0.08285714285714293,2.0,1.75
17,4,0.1,1.0,0.25,0.040000000000000036,1.0,0.75
18,4,0.1,1.0,0.25,0.040000000000000036,1.0,0.75
19,4,0.1,1.0,0.5,0.0733333333333334,2.0,1.5
20,4,0.1,1.0,0.5833333333333334,0.09555555555555564,2.0,1.75
21,4,0.1,1.0,0.5833333333333334,0.09000000000000008,2.0,1.75
22,4,0.1,1.0,0.5,0.0733333333333334,2.0,1.5
23,4,0.1,1.0,0.4166666666666667,0.06000000000000005,2.0,1.25
24,4,0.1,1.0,0.4166666666666667,0.0733333333333334,2.0,1.25
25,4,0.1,1.0,0.5,0.0733333333333334,2.0,1.5
26,4,0.1,1.0,0.6666666666666666,0.09000000000000008,2.0,2.0
27,4,0.1,1.0,0.3333333333333333,0.040000000000000036,1.0,1.0
28,4,0.1,1.0,0.5833333333333334,0.09000000000000008,2.0,1.75
29,4,0.1,1.0,0.6666666666666666,0.10666666666666674,2.0,2.0
30,4,0.1,1.0,0.75,0.10666666666666674,3.0,2.25
31,4,0.1,1.0,0.5,0.0733333333333334,2.0,1.5
32,4,0.1,1.0,0.5,0.0733333333333334,2.0,1.5
33,4,0.1,1.0,0.6666666666666666,0.10666666666666674,2.0,2.0
34,4,0.1,1.0,0.4166666666666667,0.06000000000000005,2.0,1.25
35,4,0.1,1.0,0.5833333333333334,0.08285714285714293,2.0,1.75
36,4,0.1,1.0,0.3333333333333333,0.040000000000000036,1.0,1.0
37,4,0.1,1.0,0.4166666666666667,0.0733333333333334,2.0,1.25
38,4,0.1,1.0,0.4166666666666667,0.0733333333333334,2.0,1.25
39,4,0.1,1.0,0.4166666666666667,0.0733333333333334,2.0,1.25
40,4,0.1,1.0,0.6666666666666666,0.10666666666666674,2.0,2.0
41,4,0.1,1.0,0.5,0.08285714285714293,2.0,1.5
42,4,0.1,1.0,0.3333333333333333,0.040000000000000036,1.0,1.0
43,4,0.1,1.0,0.4166666666666667,0.0733333333333334,2.0,1.25
44,4,0.1,1.0,0.5,0.0733333333333334,2.0,1.5
45,4,0.1,1.0,0.5833333333333334,0.09555555555555564,2.0,1.75
46,4,0.1,1.0,0.4166666666666667,0.0733333333333334,2.0,1.25
47,4,0.1,1.0,0.5,0.0733333333333334,2.0,1.5
48,4,0.1,1.0,0.4166666666666667,0.08285714285714293,2.0,1.25
49,4,0.1,1.0,0.3333333333333333,0.06000000000000005,1.0,1.0
0,4,0.2,1.0,0.5,0.12571428571428572,2.0,1.5
1,4,0.2,1.0,0.16666666666666666,0.040000000000000036,1.0,0.5
2,4,0.2,1.0,0.5,0.12571428571428572,2.0,1.5
3,4,0.2,1.0,0.5833333333333334,0.1511111111111111,2.0,1.75
4,4,0.2,1.0,0.3333333333333333,0.14,1.0,1.0
5,4,0.2,1.0,0.5,0.14,2.0,1.5
6,4,0.2,1.0,0.5,0.12571428571428572,2.0,1.5
7,4,0.2,1.0,0.4166666666666667,0.14,2.0,1.25
8,4,0.2,1.0,0.25,0.040000000000000036,1.0,0.75
9,4,0.2,1.0,0.3333333333333333,0.14,1.0,1.0
10,4,0.2,1.0,0.5,0.12571428571428572,2.0,1.5
11,4,0.2,1.0,0.3333333333333333,0.14,1.0,1.0
12,4,0.2,1.0,0.4166666666666667,0.12571428571428572,2.0,1.25
13,4,0.2,1.0,0.4166666666666667,0.12571428571428572,2.0,1.25
14,4,0.2,1.0,0.3333333333333333,0.10666666666666669,1.0,1.0
15,4,0.2,1.0,0.5,0.10666666666666669,2.0,1.5
16,4,0.2,1.0,0.5,0.12571428571428572,2.0,1.5
17,4,0.2,1.0,0.25,0.040000000000000036,1.0,0.75
18,4,0.2,1.0,0.25,0.040000000000000036,1.0,0.75
19,4,0.2,1.0,0.4166666666666667,0.10666666666666669,2.0,1.25
20,4,0.2,1.0,0.5,0.1511111111111111,2.0,1.5
21,4,0.2,1.0,0.5,0.14,2.0,1.5
22,4,0.2,1.0,0.5,0.10666666666666669,2.0,1.5
23,4,0.2,1.0,0.4166666666666667,0.08000000000000003,2.0,1.25
24,4,0.2,1.0,0.4166666666666667,0.10666666666666669,2.0,1.25
25,4,0.2,1.0,0.5,0.10666666666666669,2.0,1.5
26,4,0.2,1.0,0.6666666666666666,0.14,2.0,2.0
27,4,0.2,1.0,0.3333333333333333,0.040000000000000036,1.0,1.0
28,4,0.2,1.0,0.5,0.14,2.0,1.5
29,4,0.2,1.0,0.5833333333333334,0.1511111111111111,2.0,1.75
30,4,0.2,1.0,0.5833333333333334,0.1511111111111111,2.0,1.75
31,4,0.2,1.0,0.4166666666666667,0.10666666666666669,2.0,1.25
32,4,0.2,1.0,0.3333333333333333,0.10666666666666669,1.0,1.0
33,4,0.2,1.0,0.5833333333333334,0.1511111111111111,2.0,1.75
34,4,0.2,1.0,0.4166666666666667,0.08000000000000003,2.0,1.25
35,4,0.2,1.0,0.5833333333333334,0.12571428571428572,2.0,1.75
36,4,0.2,1.0,0.3333333333333333,0.040000000000000036,1.0,1.0
37,4,0.2,1.0,0.4166666666666667,0.10666666666666669,2.0,1.25
38,4,0.2,1.0,0.4166666666666667,0.10666666666666669,2.0,1.25
39,4,0.2,1.0,0.4166666666666667,0.10666666666666669,2.0,1.25
40,4,0.2,1.0,0.5833333333333334,0.1511111111111111,2.0,1.75
41,4,0.2,1.0,0.3333333333333333,0.12571428571428572,1.0,1.0
42,4,0.2,1.0,0.3333333333333333,0.040000000000000036,1.0,1.0
43,4,0.2,1.0,0.4166666666666667,0.10666666666666669,2.0,1.25
44,4,0.2,1.0,0.4166666666666667,0.10666666666666669,2.0,1.25
45,4,0.2,1.0,0.4166666666666667,0.1511111111111111,2.0,1.25
46,4,0.2,1.0,0.3333333333333333,0.10666666666666669,1.0,1.0
47,4,0.2,1.0,0.3333333333333333,0.10666666666666669,1.0,1.0
48,4,0.2,1.0,0.4166666666666667,0.12571428571428572,2.0,1.25
49,4,0.2,1.0,0.3333333333333333,0.08000000000000003,1.0,1.0
